{"homebrew_version":"1.7.1-304-gb2bfa62","used_options":[],"unused_options":["--without-xz"],"built_as_bottle":true,"poured_from_bottle":true,"installed_as_dependency":false,"installed_on_request":true,"changed_files":["INSTALL_RECEIPT.json"],"time":1545636018,"source_modified_time":1533624231,"HEAD":null,"stdlib":null,"compiler":"clang","aliases":["ag"],"runtime_dependencies":[{"full_name":"pcre","version":"8.42"},{"full_name":"xz","version":"5.2.4"}],"source":{"path":"/usr/local/Homebrew/Library/Taps/homebrew/homebrew-core/Formula/the_silver_searcher.rb","tap":"homebrew/core","spec":"stable","versions":{"stable":"2.2.0","devel":"","head":"HEAD","version_scheme":0}}}